ttl;humidity;deviceId;co2;temperature;timestamp;datetime
1793635440.0;39.9;esp32-001;943.0;24.34;1762098373000.0;2025-11-02 15:46:13.000000000
1793635442.0;40.0;esp32-001;914.0;24.34;1762098388000.0;2025-11-02 15:46:28.000000000
1793635443.0;40.2;esp32-001;935.0;24.33;1762098403000.0;2025-11-02 15:46:43.000000000
1793635444.0;39.9;esp32-001;929.0;24.32;1762098417000.0;2025-11-02 15:46:57.000000000
1793635445.0;39.8;esp32-001;921.0;24.31;1762098432000.0;2025-11-02 15:47:12.000000000
1793635446.0;40.1;esp32-001;947.0;24.31;1762098447000.0;2025-11-02 15:47:27.000000000
1793635447.0;40.5;esp32-001;898.0;23.65;1762099250000.0;2025-11-02 16:00:50.000000000
1793635447.0;39.5;esp32-001;899.0;23.7;1762099270000.0;2025-11-02 16:01:10.000000000
1793635448.0;39.6;esp32-001;888.0;23.73;1762099288000.0;2025-11-02 16:01:28.000000000
1793635449.0;39.6;esp32-001;860.0;23.75;1762099307000.0;2025-11-02 16:01:47.000000000
1793635450.0;39.6;esp32-001;881.0;23.79;1762099326000.0;2025-11-02 16:02:06.000000000
1793635451.0;39.6;esp32-001;863.0;23.82;1762099345000.0;2025-11-02 16:02:25.000000000
1793635452.0;39.6;esp32-001;844.0;23.85;1762099363000.0;2025-11-02 16:02:43.000000000
1793635453.0;39.6;esp32-001;854.0;23.88;1762099382000.0;2025-11-02 16:03:02.000000000
1793635454.0;39.6;esp32-001;872.0;23.9;1762099401000.0;2025-11-02 16:03:21.000000000
1793635455.0;39.6;esp32-001;869.0;23.93;1762099420000.0;2025-11-02 16:03:40.000000000
1793635456.0;39.6;esp32-001;858.0;23.95;1762099439000.0;2025-11-02 16:03:59.000000000
1793635474.0;39.6;esp32-001;842.0;23.98;1762099474000.0;2025-11-02 16:04:34.000000000
1793635493.0;39.7;esp32-001;858.0;24.0;1762099492000.0;2025-11-02 16:04:52.000000000
1793635512.0;39.7;esp32-001;861.0;24.02;1762099511000.0;2025-11-02 16:05:11.000000000
1793635531.0;39.7;esp32-001;861.0;24.03;1762099530000.0;2025-11-02 16:05:30.000000000
1793635550.0;39.8;esp32-001;870.0;24.04;1762099549000.0;2025-11-02 16:05:49.000000000
1793635568.0;39.6;esp32-001;857.0;24.05;1762099567000.0;2025-11-02 16:06:07.000000000
1793635587.0;39.6;esp32-001;843.0;24.07;1762099586000.0;2025-11-02 16:06:26.000000000
1793635606.0;39.9;esp32-001;861.0;24.08;1762099605000.0;2025-11-02 16:06:45.000000000
1793635624.0;39.7;esp32-001;860.0;24.09;1762099624000.0;2025-11-02 16:07:04.000000000
1793635643.0;39.6;esp32-001;841.0;24.11;1762099642000.0;2025-11-02 16:07:22.000000000
1793635662.0;39.6;esp32-001;856.0;24.11;1762099661000.0;2025-11-02 16:07:41.000000000
1793635681.0;39.6;esp32-001;851.0;24.13;1762099680000.0;2025-11-02 16:08:00.000000000
1793635699.0;39.5;esp32-001;830.0;24.14;1762099699000.0;2025-11-02 16:08:19.000000000
1793635718.0;39.5;esp32-001;855.0;24.14;1762099717000.0;2025-11-02 16:08:37.000000000
1793635737.0;39.6;esp32-001;847.0;24.16;1762099736000.0;2025-11-02 16:08:56.000000000
1793635755.0;39.5;esp32-001;827.0;24.17;1762099755000.0;2025-11-02 16:09:15.000000000
1793635774.0;39.6;esp32-001;838.0;24.17;1762099773000.0;2025-11-02 16:09:33.000000000
1793635793.0;39.7;esp32-001;832.0;24.18;1762099792000.0;2025-11-02 16:09:52.000000000
1793635812.0;39.9;esp32-001;836.0;24.18;1762099811000.0;2025-11-02 16:10:11.000000000
1793635830.0;39.7;esp32-001;841.0;24.18;1762099829000.0;2025-11-02 16:10:29.000000000
1793635849.0;39.7;esp32-001;823.0;24.18;1762099848000.0;2025-11-02 16:10:48.000000000
1793635868.0;39.8;esp32-001;834.0;24.18;1762099867000.0;2025-11-02 16:11:07.000000000
1793635887.0;39.6;esp32-001;841.0;24.18;1762099886000.0;2025-11-02 16:11:26.000000000
1793635905.0;39.6;esp32-001;834.0;24.18;1762099905000.0;2025-11-02 16:11:45.000000000
1793635924.0;39.6;esp32-001;848.0;24.18;1762099923000.0;2025-11-02 16:12:03.000000000
1793635943.0;39.8;esp32-001;848.0;24.19;1762099942000.0;2025-11-02 16:12:22.000000000
1793635961.0;40.0;esp32-001;831.0;24.18;1762099961000.0;2025-11-02 16:12:41.000000000
1793635980.0;39.7;esp32-001;841.0;24.18;1762099979000.0;2025-11-02 16:12:59.000000000
1793635999.0;39.6;esp32-001;819.0;24.18;1762099998000.0;2025-11-02 16:13:18.000000000
1793636017.0;39.7;esp32-001;844.0;24.18;1762100017000.0;2025-11-02 16:13:37.000000000
1793636036.0;39.7;esp32-001;842.0;24.18;1762100035000.0;2025-11-02 16:13:55.000000000
1793636055.0;39.8;esp32-001;827.0;24.18;1762100054000.0;2025-11-02 16:14:14.000000000
1793636073.0;39.6;esp32-001;852.0;24.18;1762100073000.0;2025-11-02 16:14:33.000000000
1793636092.0;39.7;esp32-001;849.0;24.18;1762100091000.0;2025-11-02 16:14:51.000000000
1793636111.0;39.7;esp32-001;849.0;24.18;1762100110000.0;2025-11-02 16:15:10.000000000
1793636129.0;39.5;esp32-001;830.0;24.18;1762100129000.0;2025-11-02 16:15:29.000000000
1793636148.0;39.6;esp32-001;848.0;24.18;1762100147000.0;2025-11-02 16:15:47.000000000
1793636167.0;39.8;esp32-001;841.0;24.18;1762100166000.0;2025-11-02 16:16:06.000000000
1793636186.0;39.6;esp32-001;827.0;24.18;1762100185000.0;2025-11-02 16:16:25.000000000
1793636205.0;39.5;esp32-001;843.0;24.18;1762100204000.0;2025-11-02 16:16:44.000000000
1793636223.0;39.6;esp32-001;867.0;24.18;1762100223000.0;2025-11-02 16:17:03.000000000
1793636242.0;39.6;esp32-001;856.0;24.18;1762100241000.0;2025-11-02 16:17:21.000000000
1793636261.0;39.5;esp32-001;842.0;24.18;1762100260000.0;2025-11-02 16:17:40.000000000
1793636280.0;39.4;esp32-001;821.0;24.18;1762100279000.0;2025-11-02 16:17:59.000000000
1793636298.0;39.4;esp32-001;841.0;24.19;1762100298000.0;2025-11-02 16:18:18.000000000
1793636317.0;39.4;esp32-001;840.0;24.18;1762100316000.0;2025-11-02 16:18:36.000000000
1793636336.0;39.3;esp32-001;846.0;24.18;1762100335000.0;2025-11-02 16:18:55.000000000
1793636354.0;39.6;esp32-001;853.0;24.18;1762100354000.0;2025-11-02 16:19:14.000000000
1793636373.0;39.5;esp32-001;843.0;24.18;1762100372000.0;2025-11-02 16:19:32.000000000
1793636392.0;39.5;esp32-001;868.0;24.18;1762100391000.0;2025-11-02 16:19:51.000000000
1793636410.0;39.5;esp32-001;839.0;24.18;1762100410000.0;2025-11-02 16:20:10.000000000
1793636434.0;39.4;esp32-001;863.0;24.18;1762100433000.0;2025-11-02 16:20:33.000000000
1793636453.0;39.6;esp32-001;850.0;24.18;1762100452000.0;2025-11-02 16:20:52.000000000
1793636472.0;39.8;esp32-001;848.0;24.18;1762100471000.0;2025-11-02 16:21:11.000000000
1793636491.0;39.7;esp32-001;847.0;24.18;1762100490000.0;2025-11-02 16:21:30.000000000
1793636509.0;39.7;esp32-001;873.0;24.18;1762100509000.0;2025-11-02 16:21:49.000000000
1793636528.0;39.7;esp32-001;879.0;24.18;1762100527000.0;2025-11-02 16:22:07.000000000
1793636547.0;39.6;esp32-001;874.0;24.18;1762100546000.0;2025-11-02 16:22:26.000000000
1793636568.0;39.5;esp32-001;873.0;24.18;1762100567000.0;2025-11-02 16:22:47.000000000
1793636587.0;39.3;esp32-001;875.0;24.18;1762100586000.0;2025-11-02 16:23:06.000000000
1793636606.0;39.3;esp32-001;915.0;24.18;1762100605000.0;2025-11-02 16:23:25.000000000
1793636625.0;39.2;esp32-001;919.0;24.18;1762100624000.0;2025-11-02 16:23:44.000000000
1793636643.0;39.2;esp32-001;886.0;24.18;1762100642000.0;2025-11-02 16:24:02.000000000
1793636662.0;39.3;esp32-001;926.0;24.18;1762100661000.0;2025-11-02 16:24:21.000000000
1793636681.0;39.4;esp32-001;924.0;24.18;1762100680000.0;2025-11-02 16:24:40.000000000
1793636699.0;39.7;esp32-001;910.0;24.18;1762100699000.0;2025-11-02 16:24:59.000000000
1793636718.0;39.6;esp32-001;939.0;24.18;1762100717000.0;2025-11-02 16:25:17.000000000
1793636737.0;39.7;esp32-001;935.0;24.18;1762100736000.0;2025-11-02 16:25:36.000000000
1793636755.0;39.9;esp32-001;944.0;24.19;1762100755000.0;2025-11-02 16:25:55.000000000
1793636774.0;39.7;esp32-001;955.0;24.19;1762100773000.0;2025-11-02 16:26:13.000000000
1793636793.0;40.1;esp32-001;957.0;24.19;1762100792000.0;2025-11-02 16:26:32.000000000
1793636812.0;40.0;esp32-001;942.0;24.19;1762100811000.0;2025-11-02 16:26:51.000000000
1793636831.0;40.0;esp32-001;972.0;24.19;1762100830000.0;2025-11-02 16:27:10.000000000
1793636850.0;40.0;esp32-001;986.0;24.19;1762100849000.0;2025-11-02 16:27:29.000000000
1793636869.0;40.5;esp32-001;1003.0;24.19;1762100868000.0;2025-11-02 16:27:48.000000000
1793636888.0;40.2;esp32-001;1009.0;24.19;1762100887000.0;2025-11-02 16:28:07.000000000
1793636908.0;40.3;esp32-001;1153.0;24.19;1762100906000.0;2025-11-02 16:28:26.000000000
1793636929.0;40.4;esp32-001;1166.0;24.19;1762100928000.0;2025-11-02 16:28:48.000000000
1793636948.0;40.3;esp32-001;1163.0;24.19;1762100947000.0;2025-11-02 16:29:07.000000000
1793636967.0;40.4;esp32-001;1187.0;24.19;1762100966000.0;2025-11-02 16:29:26.000000000
1793636987.0;40.6;esp32-001;1152.0;24.18;1762100986000.0;2025-11-02 16:29:46.000000000
1793637007.0;40.3;esp32-001;1079.0;24.18;1762101005000.0;2025-11-02 16:30:05.000000000
1793637027.0;40.4;esp32-001;1073.0;24.18;1762101025000.0;2025-11-02 16:30:25.000000000
1793637045.0;40.6;esp32-001;1068.0;24.18;1762101045000.0;2025-11-02 16:30:45.000000000
1793637064.0;40.6;esp32-001;1058.0;24.18;1762101063000.0;2025-11-02 16:31:03.000000000
1793637083.0;40.6;esp32-001;1020.0;24.18;1762101082000.0;2025-11-02 16:31:22.000000000
1793637102.0;40.8;esp32-001;989.0;24.18;1762101101000.0;2025-11-02 16:31:41.000000000
1793637121.0;40.7;esp32-001;1013.0;24.18;1762101120000.0;2025-11-02 16:32:00.000000000
1793637140.0;40.8;esp32-001;1019.0;24.18;1762101139000.0;2025-11-02 16:32:19.000000000
1793637161.0;40.9;esp32-001;1030.0;24.18;1762101159000.0;2025-11-02 16:32:39.000000000
1793637180.0;40.8;esp32-001;996.0;24.18;1762101179000.0;2025-11-02 16:32:59.000000000
1793637199.0;40.9;esp32-001;1015.0;24.19;1762101198000.0;2025-11-02 16:33:18.000000000
1793637218.0;41.0;esp32-001;1038.0;24.2;1762101217000.0;2025-11-02 16:33:37.000000000
1793637238.0;40.8;esp32-001;1037.0;24.2;1762101237000.0;2025-11-02 16:33:57.000000000
1793637258.0;41.2;esp32-001;1039.0;24.2;1762101257000.0;2025-11-02 16:34:17.000000000
1793637277.0;40.7;esp32-001;1068.0;24.2;1762101276000.0;2025-11-02 16:34:36.000000000
1793637297.0;40.7;esp32-001;1069.0;24.21;1762101295000.0;2025-11-02 16:34:55.000000000
1793637321.0;40.8;esp32-001;1060.0;24.21;1762101320000.0;2025-11-02 16:35:20.000000000
1793637340.0;40.9;esp32-001;1034.0;24.22;1762101339000.0;2025-11-02 16:35:39.000000000
1793637359.0;40.8;esp32-001;1076.0;24.22;1762101358000.0;2025-11-02 16:35:58.000000000
1793637380.0;40.8;esp32-001;1090.0;24.23;1762101380000.0;2025-11-02 16:36:20.000000000
1793637399.0;40.7;esp32-001;1101.0;24.23;1762101398000.0;2025-11-02 16:36:38.000000000
1793637419.0;41.0;esp32-001;1099.0;24.23;1762101418000.0;2025-11-02 16:36:58.000000000
1793637439.0;41.1;esp32-001;1101.0;24.23;1762101438000.0;2025-11-02 16:37:18.000000000
1793637459.0;41.1;esp32-001;1099.0;24.23;1762101457000.0;2025-11-02 16:37:37.000000000
1793637478.0;40.9;esp32-001;1071.0;24.23;1762101477000.0;2025-11-02 16:37:57.000000000
1793637497.0;41.2;esp32-001;1098.0;24.23;1762101496000.0;2025-11-02 16:38:16.000000000
1793637516.0;41.0;esp32-001;1133.0;24.23;1762101515000.0;2025-11-02 16:38:35.000000000
1793637535.0;41.1;esp32-001;1143.0;24.23;1762101534000.0;2025-11-02 16:38:54.000000000
1793637554.0;41.1;esp32-001;1112.0;24.23;1762101553000.0;2025-11-02 16:39:13.000000000
1793637573.0;40.9;esp32-001;1075.0;24.23;1762101572000.0;2025-11-02 16:39:32.000000000
1793637593.0;41.6;esp32-001;1089.0;24.23;1762101592000.0;2025-11-02 16:39:52.000000000
1793637612.0;41.1;esp32-001;1099.0;24.23;1762101611000.0;2025-11-02 16:40:11.000000000
1793637630.0;41.1;esp32-001;1082.0;24.23;1762101630000.0;2025-11-02 16:40:30.000000000
1793637651.0;41.1;esp32-001;1060.0;24.23;1762101650000.0;2025-11-02 16:40:50.000000000
1793637671.0;41.3;esp32-001;1081.0;24.23;1762101669000.0;2025-11-02 16:41:09.000000000
1793637694.0;41.3;esp32-001;1094.0;24.22;1762101690000.0;2025-11-02 16:41:30.000000000
1793637716.0;41.8;esp32-001;1091.0;24.22;1762101714000.0;2025-11-02 16:41:54.000000000
1793637738.0;41.2;esp32-001;1092.0;24.22;1762101736000.0;2025-11-02 16:42:16.000000000
1793637758.0;41.4;esp32-001;1059.0;24.22;1762101757000.0;2025-11-02 16:42:37.000000000
1793637778.0;41.4;esp32-001;1064.0;24.22;1762101777000.0;2025-11-02 16:42:57.000000000
1793637798.0;41.2;esp32-001;1057.0;24.23;1762101796000.0;2025-11-02 16:43:16.000000000
1793637819.0;41.2;esp32-001;1060.0;24.24;1762101818000.0;2025-11-02 16:43:38.000000000
1793637839.0;41.1;esp32-001;1032.0;24.24;1762101838000.0;2025-11-02 16:43:58.000000000
1793637860.0;41.1;esp32-001;1054.0;24.24;1762101859000.0;2025-11-02 16:44:19.000000000
1793637882.0;41.2;esp32-001;1150.0;24.24;1762101881000.0;2025-11-02 16:44:41.000000000
1793637901.0;41.3;esp32-001;1145.0;24.24;1762101900000.0;2025-11-02 16:45:00.000000000
1793637920.0;41.2;esp32-001;1100.0;24.24;1762101919000.0;2025-11-02 16:45:19.000000000
1793637939.0;41.1;esp32-001;1090.0;24.25;1762101938000.0;2025-11-02 16:45:38.000000000
1793637958.0;41.1;esp32-001;1078.0;24.25;1762101957000.0;2025-11-02 16:45:57.000000000
1793637977.0;41.1;esp32-001;1036.0;24.25;1762101976000.0;2025-11-02 16:46:16.000000000
1793637996.0;41.0;esp32-001;1046.0;24.25;1762101995000.0;2025-11-02 16:46:35.000000000
1793638015.0;41.0;esp32-001;1029.0;24.25;1762102014000.0;2025-11-02 16:46:54.000000000
1793638034.0;41.1;esp32-001;1043.0;24.25;1762102033000.0;2025-11-02 16:47:13.000000000
1793638054.0;41.0;esp32-001;1127.0;24.25;1762102053000.0;2025-11-02 16:47:33.000000000
1793638074.0;41.1;esp32-001;1129.0;24.25;1762102073000.0;2025-11-02 16:47:53.000000000
1793639590.0;41.2;esp32-001;1427.0;24.24;1762102138276.0;2025-11-02 16:48:58.276000000
1793639591.0;42.0;esp32-001;1045.0;24.24;1762102147057.0;2025-11-02 16:49:07.056999936
1793639593.0;41.9;esp32-001;1035.0;24.24;1762102156336.0;2025-11-02 16:49:16.336000000
1793639594.0;41.5;esp32-001;1041.0;24.24;1762102165114.0;2025-11-02 16:49:25.113999872
1793639595.0;41.3;esp32-001;1026.0;24.24;1762102173890.0;2025-11-02 16:49:33.889999872
1793639597.0;41.2;esp32-001;1054.0;24.24;1762102183668.0;2025-11-02 16:49:43.668000000
1793639598.0;41.1;esp32-001;1088.0;24.23;1762102192445.0;2025-11-02 16:49:52.444999936
1793639599.0;41.0;esp32-001;1242.0;24.22;1762102201223.0;2025-11-02 16:50:01.223000064
1793639601.0;40.9;esp32-001;1533.0;24.21;1762102210501.0;2025-11-02 16:50:10.500999936
1793639602.0;40.9;esp32-001;1681.0;24.2;1762102219279.0;2025-11-02 16:50:19.279000064
1793639603.0;40.8;esp32-001;1803.0;24.2;1762102228564.0;2025-11-02 16:50:28.564000000
1793639605.0;40.7;esp32-001;1889.0;24.2;1762102237342.0;2025-11-02 16:50:37.342000128
1793639607.0;40.7;esp32-001;1987.0;24.2;1762102246120.0;2025-11-02 16:50:46.120000000
1793639610.0;40.7;esp32-001;2100.0;24.2;1762102254898.0;2025-11-02 16:50:54.897999872
1793639612.0;40.5;esp32-001;2065.0;24.2;1762102264177.0;2025-11-02 16:51:04.176999936
1793639614.0;40.5;esp32-001;1947.0;24.2;1762102272955.0;2025-11-02 16:51:12.955000064
1793639615.0;40.5;esp32-001;1842.0;24.2;1762102282232.0;2025-11-02 16:51:22.232000000
1793639617.0;40.5;esp32-001;1781.0;24.2;1762102291009.0;2025-11-02 16:51:31.008999936
1793639619.0;40.3;esp32-001;1697.0;24.2;1762102300287.0;2025-11-02 16:51:40.287000064
1793639621.0;40.3;esp32-001;1707.0;24.2;1762102309064.0;2025-11-02 16:51:49.064000000
1793639623.0;40.3;esp32-001;1812.0;24.2;1762102318343.0;2025-11-02 16:51:58.343000064
1793639625.0;40.2;esp32-001;1643.0;24.2;1762102327623.0;2025-11-02 16:52:07.623000064
1793639626.0;40.2;esp32-001;1591.0;24.2;1762102336904.0;2025-11-02 16:52:16.904000000
1793639627.0;40.1;esp32-001;1576.0;24.2;1762102345684.0;2025-11-02 16:52:25.684000000
1793639629.0;40.0;esp32-001;1590.0;24.2;1762102354965.0;2025-11-02 16:52:34.964999936
1793639631.0;39.9;esp32-001;1503.0;24.2;1762102364745.0;2025-11-02 16:52:44.744999936
1793639632.0;40.0;esp32-001;1458.0;24.2;1762102374028.0;2025-11-02 16:52:54.028000000
1793639633.0;40.1;esp32-001;1149.0;24.19;1762103588000.0;2025-11-02 17:13:08.000000000
1793639648.0;40.0;esp32-001;1095.0;24.15;1762103646000.0;2025-11-02 17:14:06.000000000
1793639663.0;39.9;esp32-001;1093.0;24.14;1762103662000.0;2025-11-02 17:14:22.000000000
1793639678.0;39.8;esp32-001;1049.0;24.13;1762103676000.0;2025-11-02 17:14:36.000000000
1793639693.0;39.7;esp32-001;1059.0;24.13;1762103691000.0;2025-11-02 17:14:51.000000000
1793639709.0;39.9;esp32-001;1073.0;24.13;1762103707000.0;2025-11-02 17:15:07.000000000
1793639724.0;39.7;esp32-001;1075.0;24.13;1762103723000.0;2025-11-02 17:15:23.000000000
1793639739.0;39.6;esp32-001;1064.0;24.13;1762103737000.0;2025-11-02 17:15:37.000000000
1793639757.0;39.6;esp32-001;1014.0;24.12;1762103755000.0;2025-11-02 17:15:55.000000000
1793639771.0;39.6;esp32-001;1013.0;24.1;1762103771000.0;2025-11-02 17:16:11.000000000
1793639785.0;39.5;esp32-001;1032.0;24.1;1762103784000.0;2025-11-02 17:16:24.000000000
1793639800.0;40.0;esp32-001;1029.0;24.1;1762103799000.0;2025-11-02 17:16:39.000000000
1793639815.0;39.8;esp32-001;1019.0;24.1;1762103814000.0;2025-11-02 17:16:54.000000000
1794153986.0;60.8;esp32-001;949.0;20.02;1762103835631.0;2025-11-02 17:17:15.631000064
1794153988.0;51.5;esp32-001;1487.0;20.41;1762103852417.0;2025-11-02 17:17:32.416999936
1794153989.0;44.8;esp32-001;1515.0;20.71;1762103869200.0;2025-11-02 17:17:49.200000000
1794153991.0;43.3;esp32-001;1527.0;20.84;1762103885986.0;2025-11-02 17:18:05.985999872
1794153992.0;44.4;esp32-001;1519.0;21.01;1762103902766.0;2025-11-02 17:18:22.766000128
1794153993.0;63.9;esp32-001;1219.0;21.28;1762103919547.0;2025-11-02 17:18:39.547000064
1794153995.0;42.2;esp32-001;1098.0;21.37;1762103936327.0;2025-11-02 17:18:56.327000064
1794153996.0;40.0;esp32-001;1012.0;21.45;1762103953104.0;2025-11-02 17:19:13.104000000
1794153997.0;39.4;esp32-001;983.0;21.53;1762103969894.0;2025-11-02 17:19:29.894000128
1794153999.0;39.4;esp32-001;964.0;21.61;1762103986673.0;2025-11-02 17:19:46.672999936
1794154000.0;39.2;esp32-001;955.0;21.68;1762104003453.0;2025-11-02 17:20:03.452999936
1794154001.0;39.4;esp32-001;957.0;21.75;1762104020232.0;2025-11-02 17:20:20.232000000
1794158007.0;;esp32-001;974.0;22.26;1762104037118.0;2025-11-02 17:20:37.118000128
1794158009.0;;esp32-001;968.0;22.26;1762104054007.0;2025-11-02 17:20:54.007000064
1794158010.0;;esp32-001;950.0;22.26;1762104070894.0;2025-11-02 17:21:10.894000128
1794158011.0;;esp32-001;922.0;22.26;1762104087786.0;2025-11-02 17:21:27.785999872
1794158012.0;;esp32-001;928.0;22.28;1762104104679.0;2025-11-02 17:21:44.679000064
1794158013.0;;esp32-001;918.0;22.29;1762104121588.0;2025-11-02 17:22:01.588000000
1794158014.0;;esp32-001;922.0;22.32;1762104138475.0;2025-11-02 17:22:18.475000064
1794158015.0;;esp32-001;914.0;22.33;1762104155363.0;2025-11-02 17:22:35.363000064
1794158015.0;;esp32-001;914.0;22.36;1762104172258.0;2025-11-02 17:22:52.257999872
1794158016.0;;esp32-001;903.0;22.39;1762104189147.0;2025-11-02 17:23:09.147000064
1794158018.0;55.8;esp32-001;1604.0;20.65;1762104205926.0;2025-11-02 17:23:25.926000128
1794158018.0;53.1;esp32-001;1880.0;20.89;1762104222705.0;2025-11-02 17:23:42.704999936
1794158019.0;51.1;esp32-001;2874.0;21.78;1762104239483.0;2025-11-02 17:23:59.483000064
1794158020.0;57.9;esp32-001;2800.0;21.99;1762104256261.0;2025-11-02 17:24:16.260999936
1794158021.0;;esp32-001;2533.0;22.14;1762104273079.0;2025-11-02 17:24:33.079000064
1794158022.0;50.4;esp32-001;4275.0;22.3;1762104290325.0;2025-11-02 17:24:50.324999936
1794158023.0;;esp32-001;2395.0;22.45;1762104307647.0;2025-11-02 17:25:07.647000064
1794158024.0;;esp32-001;1410.0;22.5;1762104324512.0;2025-11-02 17:25:24.512000000
1794158025.0;;esp32-001;1128.0;22.55;1762104341344.0;2025-11-02 17:25:41.344000000
1794158026.0;;esp32-001;998.0;22.58;1762104358230.0;2025-11-02 17:25:58.230000128
1794158027.0;;esp32-001;0.0;0.0;1762104376016.0;2025-11-02 17:26:16.016000000
1794158027.0;;esp32-001;1646.0;22.84;1762104392852.0;2025-11-02 17:26:32.852000000
1794158028.0;;esp32-001;0.0;0.0;1762104410227.0;2025-11-02 17:26:50.227000064
1794158029.0;;esp32-001;2322.0;23.03;1762104427588.0;2025-11-02 17:27:07.588000000
1794158030.0;;esp32-001;1020.0;22.95;1762104444474.0;2025-11-02 17:27:24.473999872
1794158031.0;;esp32-001;1779.0;22.86;1762104461829.0;2025-11-02 17:27:41.828999936
1794158032.0;;esp32-001;1277.0;22.76;1762104478715.0;2025-11-02 17:27:58.715000064
1794158033.0;;esp32-001;1366.0;22.67;1762104495604.0;2025-11-02 17:28:15.604000000
1794158033.0;;esp32-001;1486.0;22.6;1762104512494.0;2025-11-02 17:28:32.494000128
1794158034.0;47.4;esp32-001;1584.0;22.54;1762104529273.0;2025-11-02 17:28:49.272999936
1794158035.0;;esp32-001;1690.0;22.5;1762104546072.0;2025-11-02 17:29:06.072000000
1794158036.0;46.1;esp32-001;1816.0;22.52;1762104562851.0;2025-11-02 17:29:22.851000064
1794158037.0;48.2;esp32-001;2014.0;22.59;1762104579627.0;2025-11-02 17:29:39.627000064
1794158038.0;;esp32-001;1977.0;22.69;1762104596514.0;2025-11-02 17:29:56.513999872
1794158039.0;;esp32-001;3945.0;23.09;1762104613813.0;2025-11-02 17:30:13.812999936
1794158040.0;;esp32-001;2224.0;23.23;1762104630624.0;2025-11-02 17:30:30.624000000
1794158041.0;;esp32-001;2178.0;23.34;1762104647459.0;2025-11-02 17:30:47.459000064
1794158042.0;;esp32-001;3807.0;23.5;1762104664778.0;2025-11-02 17:31:04.777999872
1794158042.0;;esp32-001;0.0;0.0;1762104682102.0;2025-11-02 17:31:22.102000128
1794158043.0;;esp32-001;2819.0;24.02;1762104698917.0;2025-11-02 17:31:38.916999936
1794158044.0;39.2;esp32-001;797.0;22.19;1762617984000.0;2025-11-08 16:06:24.000000000
1794158045.0;39.3;esp32-001;1061.0;22.35;1762618016000.0;2025-11-08 16:06:56.000000000
1794158046.0;38.9;esp32-001;1022.0;22.39;1762618030000.0;2025-11-08 16:07:10.000000000
1794158047.0;39.0;esp32-001;992.0;22.4;1762618044000.0;2025-11-08 16:07:24.000000000
1794158048.0;39.3;esp32-001;961.0;22.46;1762618059000.0;2025-11-08 16:07:39.000000000
1794158049.0;44.5;esp32-001;0.0;24.18;1762619034000.0;2025-11-08 16:23:54.000000000
1794158050.0;43.7;esp32-001;798.0;24.75;1762619223000.0;2025-11-08 16:27:03.000000000
1794158050.0;42.2;esp32-001;981.0;22.83;1762622006000.0;2025-11-08 17:13:26.000000000
1794158238.0;38.7;esp32-001;1043.0;23.94;1762622237000.0;2025-11-08 17:17:17.000000000
1794158426.0;38.5;esp32-001;927.0;24.41;1762622426000.0;2025-11-08 17:20:26.000000000
1794158615.0;;esp32-001;935.0;24.95;1762622614000.0;2025-11-08 17:23:34.000000000
1794628946.0;;esp32-001;1267.0;23.07;1763092941000.0;2025-11-14 04:02:21.000000000
1794636938.0;37.9;esp32-001;1316.0;21.72;1763100937000.0;2025-11-14 06:15:37.000000000
1794637127.0;39.6;esp32-001;1277.0;22.61;1763101126000.0;2025-11-14 06:18:46.000000000
1794637316.0;39.7;esp32-001;1355.0;23.09;1763101315000.0;2025-11-14 06:21:55.000000000
1794637506.0;41.1;esp32-001;1536.0;23.35;1763101503000.0;2025-11-14 06:25:03.000000000
1794637696.0;41.7;esp32-001;2121.0;23.54;1763101696000.0;2025-11-14 06:28:16.000000000
1794637885.0;42.0;esp32-001;1584.0;23.63;1763101884000.0;2025-11-14 06:31:24.000000000
1794638074.0;43.9;esp32-001;1612.0;23.72;1763102073000.0;2025-11-14 06:34:33.000000000
1794638263.0;43.5;esp32-001;1628.0;23.78;1763102261000.0;2025-11-14 06:37:41.000000000
1794638451.0;43.3;esp32-001;1712.0;23.82;1763102450000.0;2025-11-14 06:40:50.000000000
1794638829.0;44.3;esp32-001;1767.0;23.86;1763102639000.0;2025-11-14 06:43:59.000000000
1794638830.0;44.3;esp32-001;1802.0;23.8;1763102827000.0;2025-11-14 06:47:07.000000000
1794639019.0;44.8;esp32-001;1841.0;23.87;1763103018000.0;2025-11-14 06:50:18.000000000
1794639206.0;45.1;esp32-001;1845.0;23.86;1763103205000.0;2025-11-14 06:53:25.000000000
1794639395.0;45.3;esp32-001;1834.0;23.93;1763103395000.0;2025-11-14 06:56:35.000000000
1794639582.0;44.5;esp32-001;1850.0;23.96;1763103582000.0;2025-11-14 06:59:42.000000000
1794639771.0;44.9;esp32-001;1887.0;23.95;1763103769000.0;2025-11-14 07:02:49.000000000
1794639959.0;45.2;esp32-001;1922.0;23.96;1763103957000.0;2025-11-14 07:05:57.000000000
1794640147.0;45.0;esp32-001;1948.0;23.95;1763104146000.0;2025-11-14 07:09:06.000000000
1794640336.0;45.2;esp32-001;2040.0;23.86;1763104335000.0;2025-11-14 07:12:15.000000000
1794640524.0;45.5;esp32-001;2069.0;23.88;1763104523000.0;2025-11-14 07:15:23.000000000
1794640712.0;45.5;esp32-001;2055.0;23.97;1763104711000.0;2025-11-14 07:18:31.000000000
1794640900.0;45.7;esp32-001;2118.0;24.03;1763104899000.0;2025-11-14 07:21:39.000000000
1794641277.0;46.0;esp32-001;2205.0;24.04;1763105088000.0;2025-11-14 07:24:48.000000000
1794641279.0;46.4;esp32-001;2219.0;24.03;1763105276000.0;2025-11-14 07:27:56.000000000
1794641467.0;46.9;esp32-001;2211.0;24.06;1763105466000.0;2025-11-14 07:31:06.000000000
1794641845.0;46.9;esp32-001;2300.0;24.08;1763105654000.0;2025-11-14 07:34:14.000000000
1794641847.0;47.2;esp32-001;2370.0;24.07;1763105844000.0;2025-11-14 07:37:24.000000000
1794642036.0;48.0;esp32-001;2409.0;24.06;1763106034000.0;2025-11-14 07:40:34.000000000
1794642224.0;47.6;esp32-001;2477.0;24.09;1763106223000.0;2025-11-14 07:43:43.000000000
1794642413.0;48.3;esp32-001;2530.0;24.11;1763106412000.0;2025-11-14 07:46:52.000000000
1794642600.0;48.4;esp32-001;2560.0;24.12;1763106599000.0;2025-11-14 07:49:59.000000000
1794642789.0;48.6;esp32-001;2624.0;24.12;1763106788000.0;2025-11-14 07:53:08.000000000
1794642977.0;48.4;esp32-001;2597.0;24.13;1763106976000.0;2025-11-14 07:56:16.000000000
1794643168.0;48.4;esp32-001;2425.0;24.14;1763107164000.0;2025-11-14 07:59:24.000000000
1794643356.0;47.8;esp32-001;2374.0;24.14;1763107356000.0;2025-11-14 08:02:36.000000000
1794643727.0;47.2;esp32-001;2009.0;24.14;1763107726000.0;2025-11-14 08:08:46.000000000
1794644105.0;45.1;esp32-001;2090.0;24.14;1763107915000.0;2025-11-14 08:11:55.000000000
1794644109.0;45.9;esp32-001;1973.0;24.14;1763108104000.0;2025-11-14 08:15:04.000000000
1794644298.0;44.1;esp32-001;2093.0;24.13;1763108296000.0;2025-11-14 08:18:16.000000000
1794644486.0;45.5;esp32-001;2090.0;24.11;1763108485000.0;2025-11-14 08:21:25.000000000
1794644674.0;44.0;esp32-001;1904.0;24.1;1763108673000.0;2025-11-14 08:24:33.000000000
1794644862.0;43.9;esp32-001;1836.0;24.05;1763108861000.0;2025-11-14 08:27:41.000000000
1794645233.0;43.4;esp32-001;2035.0;23.97;1763109232000.0;2025-11-14 08:33:52.000000000
1795200943.0;45.1;esp32-001;2141.0;23.99;1763109609000.0;2025-11-14 08:40:09.000000000
1795200944.0;45.3;esp32-001;2138.0;24.01;1763109980000.0;2025-11-14 08:46:20.000000000
1795200945.0;45.9;esp32-001;2154.0;24.02;1763110171000.0;2025-11-14 08:49:31.000000000
1795200945.0;45.8;esp32-001;2464.0;24.03;1763110361000.0;2025-11-14 08:52:41.000000000
1795200946.0;46.3;esp32-001;2146.0;24.03;1763110730000.0;2025-11-14 08:58:50.000000000
1795200947.0;46.1;esp32-001;2169.0;24.0;1763111103000.0;2025-11-14 09:05:03.000000000
1795200948.0;45.7;esp32-001;2231.0;23.99;1763111473000.0;2025-11-14 09:11:13.000000000
1795200949.0;45.7;esp32-001;2238.0;23.97;1763111661000.0;2025-11-14 09:14:21.000000000
1795200949.0;46.0;esp32-001;2265.0;23.95;1763111850000.0;2025-11-14 09:17:30.000000000
1795200950.0;38.9;esp32-001;560.0;23.32;1763664941000.0;2025-11-20 18:55:41.000000000
1795201138.0;38.3;esp32-001;539.0;23.55;1763665137000.0;2025-11-20 18:58:57.000000000
1795201326.0;38.3;esp32-001;558.0;23.65;1763665325000.0;2025-11-20 19:02:05.000000000
1795201514.0;38.2;esp32-001;558.0;23.71;1763665514000.0;2025-11-20 19:05:14.000000000
1795201703.0;38.2;esp32-001;565.0;23.76;1763665702000.0;2025-11-20 19:08:22.000000000
1795201891.0;38.2;esp32-001;546.0;23.81;1763665891000.0;2025-11-20 19:11:31.000000000
